title,scriptUrl,languageName,bestPublicScore,isGpuEnabled,lastRunExecutionTimeSeconds,medal,totalComments,totalForks,totalViews,totalVotes,beginner,classification,data cleaning,data visualization,decision tree,deep learning,eda,ensembling,feature engineering,gradient boosting,lgbt,optimization,pipeline code,regression,regression analysis,starter code,tabular data,tutorial,utility script
ASHRAE: Half and Half,https://www.kaggle.com/rohanrao/ashrae-half-and-half,Python,1.1,False,3115,gold,72,0,0,354,0,0,0,0,0,0,0,0,0,0,0,0,0,0,0,0,0,0,0
üîå‚ö°ASHRAE -Start Here: A GENTLE Introduction,https://www.kaggle.com/caesarlupum/ashrae-start-here-a-gentle-introduction,Python,,False,916,gold,179,0,0,721,1,0,1,1,0,0,0,0,0,0,0,0,0,0,0,1,0,0,1
EDA for ASHRAE ,https://www.kaggle.com/nroman/eda-for-ashrae,Python,,False,779,gold,45,0,0,378,0,0,0,0,0,0,0,0,0,0,0,0,0,0,0,0,0,0,0
ASHRAE: Training LGBM by meter type,https://www.kaggle.com/corochann/ashrae-training-lgbm-by-meter-type,Python,1.121,False,3382,gold,53,0,0,277,0,0,0,0,0,0,0,1,1,1,0,0,0,0,0,1,0,1,0
ASHRAE- KFold LightGBM - without leak (1.08),https://www.kaggle.com/aitude/ashrae-kfold-lightgbm-without-leak-1-08,Python,1.08,False,3830,gold,43,0,0,219,0,0,1,0,0,0,0,1,1,0,0,0,0,1,0,1,0,0,0
ASHRAE: Leak Validation and more,https://www.kaggle.com/yamsam/ashrae-leak-validation-and-more,Python,0.99,False,524,gold,22,0,0,131,0,0,0,0,0,0,0,0,0,0,0,0,0,0,0,0,0,0,0
ASHRAE: Divide and Conquer,https://www.kaggle.com/rohanrao/ashrae-divide-and-conquer,Python,1.04,False,2281,gold,19,0,0,123,0,0,0,0,0,0,0,0,0,0,0,0,0,0,0,0,0,0,0
ASHRAE: Leak Data Station,https://www.kaggle.com/yamsam/ashrae-leak-data-station,Python,,False,93,gold,34,0,0,144,0,0,0,0,0,0,0,0,0,0,0,0,0,0,0,0,0,0,0
ASHRAE Leak Validation BruteForce Heuristic Search,https://www.kaggle.com/khoongweihao/ashrae-leak-validation-bruteforce-heuristic-search,Python,0.97,False,2623,gold,26,0,0,104,0,0,0,0,0,0,0,0,0,0,0,0,0,0,0,0,0,0,0
ASHRAE: EDA + FE + LightGBM (1.12),https://www.kaggle.com/kaushal2896/ashrae-eda-fe-lightgbm-1-12,Python,1.12,False,2070,gold,45,0,0,124,0,0,0,0,0,0,0,0,0,0,0,0,0,0,0,0,0,0,0
Simple Exploration Notebook - ASHRAE,https://www.kaggle.com/sudalairajkumar/simple-exploration-notebook-ashrae,Python,,False,113,gold,24,0,0,163,0,0,0,0,0,0,0,0,0,0,0,0,0,0,0,0,0,0,0
Ashrae: simple data cleanup (LB 1.08 no leaks),https://www.kaggle.com/purist1024/ashrae-simple-data-cleanup-lb-1-08-no-leaks,Python,1.08,False,816,gold,43,0,0,196,0,0,0,0,0,0,0,0,0,0,0,0,0,0,0,0,0,0,0
ASHRAE-Stacking Method,https://www.kaggle.com/grapestone5321/ashrae-stacking-method,Python,1.09,False,1926,silver,12,0,0,39,0,0,0,0,0,0,0,0,0,0,0,0,0,0,0,0,0,0,0
Ashrae Energy Prediction using Stratified KFold,https://www.kaggle.com/roydatascience/ashrae-energy-prediction-using-stratified-kfold,Python,1.074,False,25702,silver,18,0,0,73,0,0,0,0,0,0,0,0,0,0,0,0,0,0,0,0,0,0,0
4 ASHRAE blended,https://www.kaggle.com/hmendonca/4-ashrae-blended,Python,1.09,False,476,silver,13,0,0,32,0,0,0,0,0,0,0,0,0,0,0,0,0,0,0,0,0,0,0
Shapley Values for Feature selection ASHRAE,https://www.kaggle.com/hmendonca/shapley-values-for-feature-selection-ashrae,Python,1.23,False,5887,gold,18,0,0,85,0,0,0,0,0,0,0,0,0,0,0,0,0,0,0,0,0,0,0
ASHRAE: Highway Kernel Route2,https://www.kaggle.com/yamsam/ashrae-highway-kernel-route2,Python,1.03,False,3047,silver,0,0,0,48,0,0,0,0,0,0,0,0,0,0,0,0,0,0,0,0,0,0,0
‚ö°üîåASHRAE - LigthGBM simple FE,https://www.kaggle.com/caesarlupum/ashrae-ligthgbm-simple-fe,Python,1.21,False,2032,silver,57,0,0,62,1,0,1,0,0,0,0,0,1,0,0,0,0,0,0,1,0,1,0
Starter EDA and Feature selection ASHRAE3,https://www.kaggle.com/hmendonca/starter-eda-and-feature-selection-ashrae3,Python,1.24,False,28194,gold,29,0,0,214,0,0,0,0,0,0,0,0,0,0,0,0,0,0,0,0,0,0,0
ASHRAE Catboost Regressor,https://www.kaggle.com/bejeweled/ashrae-catboost-regressor,Python,1.35,True,27179,silver,8,0,0,31,1,0,0,0,0,0,0,0,1,0,0,0,0,1,0,1,1,0,0
ASHRAE - Data minification,https://www.kaggle.com/kyakovlev/ashrae-data-minification,Python,,False,206,silver,4,0,0,45,0,0,0,0,0,0,0,0,0,0,0,0,0,0,0,0,0,0,0
ASHRAE - UCF Spider and EDA (Full Test Labels),https://www.kaggle.com/gunesevitan/ashrae-ucf-spider-and-eda-full-test-labels,Python,,True,1175,gold,16,0,0,151,1,0,1,1,0,0,1,0,0,0,0,0,0,0,0,1,0,0,0
ASHRAE - Great Energy Predictor III- EDA&Model,https://www.kaggle.com/kulkarnivishwanath/ashrae-great-energy-predictor-iii-eda-model,Python,1.103,False,11156,silver,26,0,0,79,0,0,0,0,0,0,0,0,0,0,0,0,0,0,0,0,0,0,0
ASHRAE - Catboost,https://www.kaggle.com/kyakovlev/ashrae-catboost,Python,1.23,True,9472,silver,10,0,0,28,0,0,0,0,0,0,0,0,0,0,0,0,0,0,0,0,0,0,0
ASHRAE: Maybe this can make public LB some useful ,https://www.kaggle.com/wuliaokaola/ashrae-maybe-this-can-make-public-lb-some-useful,Python,1.01,False,396,gold,13,0,0,85,0,0,0,0,0,0,0,0,0,0,0,0,0,0,0,0,0,0,0
ASHRAE: feather format for fast loading,https://www.kaggle.com/corochann/ashrae-feather-format-for-fast-loading,Python,,False,90,silver,10,0,0,73,0,0,0,0,0,0,0,0,0,0,0,0,0,0,0,0,0,0,0
ASHRAE - CV options,https://www.kaggle.com/kyakovlev/ashrae-cv-options,Python,,False,6350,silver,15,0,0,58,0,0,0,0,0,0,0,0,0,0,0,0,0,0,0,0,0,0,0
ASHRAE:1.1 to 1.06 with UCL,https://www.kaggle.com/yixinchen1/ashrae-1-1-to-1-06-with-ucl,Python,1.06,False,1518,silver,6,0,0,31,0,0,0,0,0,0,0,0,0,0,0,0,0,0,0,0,0,0,0
ASHRAE 3 LightGBM,https://www.kaggle.com/hiteshsom/ashrae-3-lightgbm,Python,1.11,False,2087,bronze,8,0,0,22,0,0,0,0,0,0,0,0,0,0,0,0,0,0,0,0,0,0,0
ASHRAE - Baseline LGBM,https://www.kaggle.com/kyakovlev/ashrae-baseline-lgbm,Python,1.3599999999999999,False,14336,bronze,0,0,0,27,0,0,0,0,0,0,0,0,0,0,0,0,0,0,0,0,0,0,0
ASHRAE - Great Energy Insightful EDA + FE & LGBM ,https://www.kaggle.com/vikassingh1996/ashrae-great-energy-insightful-eda-fe-lgbm,Python,1.3599999999999999,False,5188,silver,18,0,0,69,0,1,1,1,0,0,1,0,1,0,0,0,0,0,0,0,0,0,0
ASHRAE - LGBM simple FE,https://www.kaggle.com/kyakovlev/ashrae-lgbm-simple-fe,Python,1.22,False,11868,bronze,8,0,0,30,0,0,0,0,0,0,0,0,0,0,0,0,0,0,0,0,0,0,0
ASHRAE: Highway Kernel Route1,https://www.kaggle.com/yamsam/ashrae-highway-kernel-route1,Python,1.07,False,4995,silver,11,0,0,23,0,0,0,0,0,0,0,0,0,0,0,0,0,0,0,0,0,0,0
ASHRAE Leak Validation Gradient Descent Search,https://www.kaggle.com/barnrang/ashrae-leak-validation-gradient-descent-search,Python,0.97,True,626,bronze,10,0,0,21,0,0,0,0,0,0,0,0,0,0,0,0,0,0,0,0,0,0,0
ASHRAE - Hyperparameter Tuning,https://www.kaggle.com/aitude/ashrae-hyperparameter-tuning,Python,,False,1315,bronze,5,0,0,25,0,0,0,0,0,0,0,0,0,0,0,0,0,0,0,0,0,0,0
ASHRAE - Missing Weather Data Handling,https://www.kaggle.com/aitude/ashrae-missing-weather-data-handling,Python,,False,138,silver,7,0,0,51,0,0,0,0,0,0,0,0,0,0,0,0,0,0,0,0,0,0,0
ASHRAE- Stratified KFold LightGBM,https://www.kaggle.com/roydatascience/ashrae-stratified-kfold-lightgbm,Python,1.075,False,10597,bronze,3,0,0,19,0,0,0,0,0,0,0,0,0,0,0,0,0,0,0,0,0,0,0
LightGBM + FE (1.19) ,https://www.kaggle.com/isaienkov/lightgbm-fe-1-19,Python,2.053,False,4605,gold,63,0,0,169,0,0,0,0,0,0,0,0,0,0,0,0,0,0,0,0,0,0,0
ASHRAE: Highway Kernel Route4,https://www.kaggle.com/yamsam/ashrae-highway-kernel-route4,Python,,False,2169,bronze,1,0,0,15,0,0,0,0,0,0,0,0,0,0,0,0,0,0,0,0,0,0,0
ASHRAE-site15-cornell,https://www.kaggle.com/pp2file/ashrae-site15-cornell,Python,,False,880,silver,12,0,0,28,0,0,0,0,0,0,0,0,0,0,0,0,0,0,0,0,0,0,0
ASHRAE: Prophet's Prophecy,https://www.kaggle.com/rohanrao/ashrae-prophet-s-prophecy,Python,,False,1513,bronze,8,0,0,27,0,0,0,0,0,0,0,0,0,0,0,0,0,0,0,0,0,0,0
ASHRAE - Interactive building energy browser,https://www.kaggle.com/juanmah/ashrae-interactive-building-energy-browser,Python,,False,20,bronze,0,0,0,28,0,0,0,0,0,0,0,0,0,0,0,0,0,0,0,0,0,0,0
ASHRAE: Stacked Regression (Lasso + Ridge + LGBM),https://www.kaggle.com/starl1ght/ashrae-stacked-regression-lasso-ridge-lgbm,Python,1.106,False,2842,bronze,2,0,0,25,1,0,0,0,0,0,0,1,0,1,0,0,0,1,0,1,0,0,0
ASHRAE - Basic EDA and Feature Engineering,https://www.kaggle.com/gouherdanishiitkgp/ashrae-basic-eda-and-feature-engineering,Python,1.244,False,3731,bronze,7,0,0,36,0,0,0,1,1,0,1,0,1,0,0,0,0,0,0,1,0,0,0
NEW UCF Starter Kernel,https://www.kaggle.com/yamsam/new-ucf-starter-kernel,Python,1.08,False,5258,gold,23,0,0,121,0,0,0,0,0,0,0,0,0,0,0,0,0,0,0,0,0,0,0
ASHRAE - lgb starter for R,https://www.kaggle.com/mayer79/ashrae-lgb-starter-for-r,R,1.24,False,3676,bronze,4,0,0,21,0,0,0,0,0,0,0,0,0,0,0,0,0,0,0,0,0,0,0
ASHRAE - Outliers,https://www.kaggle.com/juanmah/ashrae-outliers,Python,,False,221,silver,17,0,0,31,0,0,0,0,0,0,0,0,0,0,0,0,0,0,0,0,0,0,0
Aligned Timestamp - LGBM by meter type,https://www.kaggle.com/nz0722/aligned-timestamp-lgbm-by-meter-type,Python,1.11,False,3024,gold,26,0,0,156,0,0,0,0,0,0,0,0,0,0,0,0,0,0,0,0,0,0,0
Simple LGBM Solution,https://www.kaggle.com/ryches/simple-lgbm-solution,Python,1.3679999999999999,False,1080,gold,16,0,0,146,0,0,0,0,0,0,0,0,0,0,0,0,0,0,0,0,0,0,0
Ashrae: may make it up to 1.0,https://www.kaggle.com/huanglinyan/ashrae-may-make-it-up-to-1-0,Python,1.0,False,397,bronze,7,0,0,15,0,0,0,0,0,0,0,0,0,0,0,0,0,0,0,0,0,0,0
ASHRAE + FastAI,https://www.kaggle.com/poltigo/ashrae-fastai,Python,,False,10,bronze,14,0,0,12,0,0,0,0,0,0,0,0,0,0,0,0,0,0,0,0,0,0,0
Keras NN with embeddings for cat. features (1.15),https://www.kaggle.com/isaienkov/keras-nn-with-embeddings-for-cat-features-1-15,Python,1.15,False,11298,gold,46,0,0,123,0,0,0,0,0,0,0,0,0,0,0,0,0,0,0,0,0,0,0
ASHRAE HistGradientBoosting,https://www.kaggle.com/tunguz/ashrae-histgradientboosting,Python,1.13,False,28650,bronze,8,0,0,14,0,0,0,0,0,0,0,0,0,0,0,0,0,0,0,0,0,0,0
ASHRAE - Zeros,https://www.kaggle.com/juanmah/ashrae-zeros,Python,,False,297,silver,3,0,0,42,0,0,0,0,0,0,0,0,0,0,0,0,0,0,0,0,0,0,0
ASHRAE: Exploiting Leak Site 5,https://www.kaggle.com/roydatascience/ashrae-exploiting-leak-site-5,Python,0.989,False,7485,bronze,14,0,0,18,0,0,0,0,0,0,0,0,0,0,0,0,0,0,0,0,0,0,0
ASHRAE LOFO Feature Importance,https://www.kaggle.com/divrikwicky/ashrae-lofo-feature-importance,Python,,False,2369,silver,5,0,0,33,0,0,0,0,0,0,0,0,0,0,0,0,0,0,0,0,0,0,0
ASHRAE: KFold LightGBM without building_id,https://www.kaggle.com/iwatatakuya/ashrae-kfold-lightgbm-without-building-id,Python,1.097,False,2624,bronze,1,0,0,19,0,0,0,0,0,0,0,0,0,0,0,0,0,0,0,0,0,0,0
ASHRAE: Divide and Conquer_fix0,https://www.kaggle.com/hichar/ashrae-divide-and-conquer-fix0,Python,1.04,True,3088,bronze,4,0,0,11,0,0,0,0,0,0,0,0,0,0,0,0,0,0,0,0,0,0,0
ASHRAE: EDA and Visualization (wip),https://www.kaggle.com/chmaxx/ashrae-eda-and-visualization-wip,Python,,False,745,silver,8,0,0,36,1,0,0,1,0,0,1,0,1,0,0,0,0,0,0,1,0,0,0
ASHRAE - Energy prediction,https://www.kaggle.com/allunia/ashrae-energy-prediction,Python,,False,424,bronze,7,0,0,24,0,0,0,0,0,0,0,0,0,0,0,0,0,0,0,0,0,0,0
What's your CV method?,https://www.kaggle.com/kimtaegwan/what-s-your-cv-method,Python,1.207,False,947,gold,39,0,0,142,0,0,0,0,0,0,0,0,0,0,0,0,0,0,0,0,0,0,0
Ashrae: The worst meters,https://www.kaggle.com/purist1024/ashrae-the-worst-meters,Python,,False,3638,bronze,2,0,0,24,0,0,0,0,0,0,0,0,0,0,0,0,0,0,0,0,0,0,0
ASHRAE: EDA + LGB/doubleLGB,https://www.kaggle.com/yixinchen1/ashrae-eda-lgb-doublelgb,Python,1.1,False,383,bronze,7,0,0,9,0,0,0,0,0,0,0,0,0,0,0,0,0,0,0,0,0,0,0
ASHRAE lightGBM without Leak,https://www.kaggle.com/mimoudata/ashrae-lightgbm-without-leak,R,1.082,False,25458,bronze,0,0,0,14,0,0,0,0,0,0,0,0,0,0,0,0,0,0,0,0,0,0,0
ASHRAE 2*lightGBM without Leak Data,https://www.kaggle.com/mimoudata/ashrae-2-lightgbm-without-leak-data,R,1.078,False,23565,bronze,3,0,0,15,0,0,0,0,0,0,0,0,0,0,0,0,0,0,0,0,0,0,0
ASHRAE - simple EDA,https://www.kaggle.com/rishabhiitbhu/ashrae-simple-eda,Python,,False,1211,bronze,2,0,0,17,0,0,0,0,0,0,0,0,0,0,0,0,0,0,0,0,0,0,0
Optuna tutorial for hyperparameter optimization,https://www.kaggle.com/corochann/optuna-tutorial-for-hyperparameter-optimization,Python,1.12,False,9279,gold,33,0,0,132,1,0,0,0,0,0,0,0,0,1,0,1,0,0,0,1,0,1,0
‚ö° ASHRAE Energy Consumption Starter Kit & EDA,https://www.kaggle.com/robikscube/ashrae-energy-consumption-starter-kit-eda,Python,,False,192,bronze,1,0,0,28,0,0,0,0,0,0,0,0,0,0,0,0,0,0,0,0,0,0,0
ASHRAE - Step by Step EDA,https://www.kaggle.com/aravindankrishnan/ashrae-step-by-step-eda,Python,,False,1137,bronze,10,0,0,26,0,0,1,1,0,0,1,0,1,0,0,0,0,0,0,1,0,0,0
Public Blend,https://www.kaggle.com/aleksthegreat/public-blend,Python,0.98,False,380,silver,5,0,0,29,0,0,0,0,0,0,0,0,0,0,0,0,0,0,0,0,0,0,0
Simple Linear Regression Benchmark,https://www.kaggle.com/tunguz/simple-linear-regression-benchmark,Python,3.813,False,600,gold,15,0,0,85,0,0,0,0,0,0,0,0,0,0,0,0,0,0,0,0,0,0,0
ASHRAE Heatmaps,https://www.kaggle.com/jtrotman/ashrae-heatmaps,Python,,False,106,bronze,9,0,0,24,0,0,0,0,0,0,0,0,0,0,0,0,0,0,0,0,0,0,0
UCB: Data Leakage (Site 4 - 81 buildings),https://www.kaggle.com/serengil/ucb-data-leakage-site-4-81-buildings,Python,,False,283,gold,44,0,0,96,0,0,0,0,0,0,0,0,0,0,0,0,0,0,0,0,0,0,0
Another 1.08 LB no leak,https://www.kaggle.com/ragnar123/another-1-08-lb-no-leak,Python,1.08,False,9315,silver,12,0,0,41,0,0,0,0,0,0,0,0,0,0,0,0,0,0,0,0,0,0,0
üî•ASHRAE - LightGBM / process + data visualization,https://www.kaggle.com/drexpz/ashrae-lightgbm-process-data-visualization,Python,1.37,False,8213,bronze,7,0,0,12,0,0,0,0,0,0,0,0,0,0,0,0,0,0,0,0,0,0,0
ASHRAE WeatheR Analysis with OpenAir,https://www.kaggle.com/nicapotato/ashrae-weather-analysis-with-openair,R,,False,470,silver,10,0,0,29,0,0,0,0,0,0,0,0,0,0,0,0,0,0,0,0,0,0,0
ASHRAE - lgb starter for R with imputation,https://www.kaggle.com/mayer79/ashrae-lgb-starter-for-r-with-imputation,R,1.17,False,3091,bronze,4,0,0,13,0,0,0,0,0,0,0,0,0,0,0,0,0,0,0,0,0,0,0
ASHRAE - Simple preprocessing & LSTM,https://www.kaggle.com/sundayprogrammer/ashrae-simple-preprocessing-lstm,Python,,False,148,bronze,3,0,0,9,0,0,0,0,0,0,0,0,0,0,0,0,0,0,0,0,0,0,0
Locate cities according weather temperatureüåá,https://www.kaggle.com/patrick0302/locate-cities-according-weather-temperature,Python,,False,31,gold,43,0,0,169,0,0,0,0,0,0,0,0,0,0,0,0,0,0,0,0,0,0,0
Adversarial ASHRAE,https://www.kaggle.com/tunguz/adversarial-ashrae,Python,,False,92,silver,1,0,0,26,0,0,0,0,0,0,0,0,0,0,0,0,0,0,0,0,0,0,0
[ASHRAE] NGBoost [Simple Application],https://www.kaggle.com/hanjoonchoe/ashrae-ngboost-simple-application,Python,,False,1727,bronze,4,0,0,17,0,0,0,0,0,0,0,0,0,0,0,0,0,0,0,0,0,0,0
ASHRAE - GEP III - RMS_NB,https://www.kaggle.com/remisharoon/ashrae-gep-iii-rms-nb,Python,1.1,False,4858,,2,0,0,6,0,0,0,0,0,0,0,0,0,0,0,0,0,0,0,0,0,0,0
Strategy evaluation: What helps and by how much?,https://www.kaggle.com/purist1024/strategy-evaluation-what-helps-and-by-how-much,Python,,False,2714,gold,25,0,0,121,0,0,0,0,0,0,0,0,0,0,0,0,0,0,0,0,0,0,0
Starter ‚ö° Great Energy Predictor ,https://www.kaggle.com/jesucristo/starter-great-energy-predictor,Python,1.3599999999999999,False,3655,gold,7,0,0,76,0,0,0,0,0,0,0,0,0,0,0,0,0,0,0,0,0,0,0
Leak Validation - Constrained Heuristic Search I ,https://www.kaggle.com/khoongweihao/leak-validation-constrained-heuristic-search-i,Python,0.97,False,7713,bronze,2,0,0,21,0,0,0,0,0,0,0,0,0,0,0,0,0,0,0,0,0,0,0
ASHRAE LGBM T2,https://www.kaggle.com/josecarmona/ashrae-lgbm-t2,Python,1.159,False,6321,,0,0,0,5,0,0,0,0,0,0,0,0,0,0,0,0,0,0,0,0,0,0,0
Ashrae: Maybe this can make public LB some useful ,https://www.kaggle.com/wentixiaogege/ashrae-maybe-this-can-make-public-lb-some-useful,Python,1.01,False,831,bronze,1,0,0,7,0,0,0,0,0,0,0,0,0,0,0,0,0,0,0,0,0,0,0
EDA+RF: ASHRAE - Great Energy Predictor,https://www.kaggle.com/aldrinl/eda-rf-ashrae-great-energy-predictor,Python,1.439,False,1136,bronze,0,0,0,15,0,0,0,0,0,0,0,0,0,0,0,0,0,0,0,0,0,0,0
UCL: Data Leakage (Episode 2),https://www.kaggle.com/mpware/ucl-data-leakage-episode-2,Python,,False,899,silver,10,0,0,62,0,0,0,0,0,0,0,0,0,0,0,0,0,0,0,0,0,0,0
ASHRAE AirTemperature,https://www.kaggle.com/ccjoshua/ashrae-airtemperature,Python,,False,41,bronze,5,0,0,10,0,0,0,0,0,0,0,0,0,0,0,0,0,0,0,0,0,0,0
ASHRAE: Deep exploratory data analysis,https://www.kaggle.com/corochann/ashrae-deep-exploratory-data-analysis,Python,,False,306,,0,0,0,6,1,0,0,1,0,0,1,0,1,0,0,0,0,0,0,0,0,1,0
ASHRAE_DataGenerator_LSTM,https://www.kaggle.com/drcapa/ashrae-datagenerator-lstm,Python,3.22,False,31721,bronze,1,0,0,11,1,0,0,0,0,1,0,0,1,0,0,0,0,0,0,1,0,1,0
ASHRAE EDA and 104 Models,https://www.kaggle.com/rahullalu/ashrae-eda-and-104-models,Python,1.42,False,19550,bronze,4,0,0,12,0,0,0,0,0,0,0,0,0,0,0,0,0,0,0,0,0,0,0
ASHRAE - LightGBM 1.048 (No Leak),https://www.kaggle.com/gunesevitan/ashrae-lightgbm-1-048-no-leak,Python,1.388,False,9379,bronze,2,0,0,14,0,0,0,0,0,0,0,0,0,0,0,0,0,0,0,0,0,0,0
ASHRAE: Weather features are not in local time,https://www.kaggle.com/jimeno/ashrae-weather-features-are-not-in-local-time,Python,,False,20,silver,7,0,0,32,0,0,0,0,0,0,0,0,0,0,0,0,0,0,0,0,0,0,0
Best NA Imputation and EDA ASHRAE 3,https://www.kaggle.com/python10pm/best-na-imputation-and-eda-ashrae-3,Python,,False,239,bronze,2,0,0,15,0,0,0,0,0,0,0,0,0,0,0,0,0,0,0,0,0,0,0
ASHRAE - Automatic FE: Featuretools & Selection FE,https://www.kaggle.com/vbmokin/ashrae-automatic-fe-featuretools-selection-fe,Python,,False,181,bronze,1,0,0,22,0,0,0,0,0,0,0,0,0,0,0,0,0,0,0,0,0,0,0
ASHRAE lightGBM without Leak Data,https://www.kaggle.com/mimoudata/ashrae-lightgbm-without-leak-data,R,1.09,False,12694,bronze,1,0,0,9,0,0,0,0,0,0,0,0,0,0,0,0,0,0,0,0,0,0,0
Clean weather data +EDA,https://www.kaggle.com/hmendonca/clean-weather-data-eda,Python,,False,1549,silver,10,0,0,47,0,0,0,0,0,0,0,0,0,0,0,0,0,0,0,0,0,0,0
UCF Data: Limited leakage,https://www.kaggle.com/mpware/ucf-data-limited-leakage,Python,,False,479,silver,20,0,0,53,0,0,0,0,0,0,0,0,0,0,0,0,0,0,0,0,0,0,0
ashrae-great-energy-3_verification_after_predict,https://www.kaggle.com/takiyu/ashrae-great-energy-3-verification-after-predict,Python,,False,3538,,1,0,0,5,0,0,0,0,0,0,0,0,0,0,0,0,0,0,0,0,0,0,0
MIA-ashrae,https://www.kaggle.com/luisfer/mia-ashrae,Python,1.8780000000000001,True,1508,,0,0,0,1,0,0,0,0,0,0,0,0,0,0,0,0,0,0,0,0,0,0,0
Aligning Temperature Timestamp,https://www.kaggle.com/frednavruzov/aligning-temperature-timestamp,Python,,False,110,silver,8,0,0,65,0,0,0,0,0,0,0,0,0,0,0,0,0,0,0,0,0,0,0
ASHRAE - NaNs & gaps,https://www.kaggle.com/juanmah/ashrae-nans-gaps,Python,,False,1024,bronze,1,0,0,11,0,0,0,0,0,0,0,0,0,0,0,0,0,0,0,0,0,0,0
ASHRAE Leak Validation Heuristics(Stable),https://www.kaggle.com/roydatascience/ashrae-leak-validation-heuristics-stable,Python,0.9530000000000001,False,9767,,0,0,0,4,0,0,0,0,0,0,0,0,0,0,0,0,0,0,0,0,0,0,0
ASHRAE - Manual weights,https://www.kaggle.com/themonologue/ashrae-manual-weights,Python,0.9550000000000001,False,392,,5,0,0,5,0,0,0,0,0,0,0,0,0,0,0,0,0,0,0,0,0,0,0
ASHRAE - Simple EDA,https://www.kaggle.com/barun2104/ashrae-simple-eda,R,,False,147,bronze,0,0,0,6,0,0,0,0,0,0,0,0,0,0,0,0,0,0,0,0,0,0,0
Scrap ASU data,https://www.kaggle.com/pdnartreb/scrap-asu-data,Python,,False,341,silver,10,0,0,32,0,0,0,0,0,0,0,0,0,0,0,0,0,0,0,0,0,0,0
ASHRAE_feature_engineering_merge_data,https://www.kaggle.com/drcapa/ashrae-feature-engineering-merge-data,Python,,False,95,bronze,0,0,0,14,0,0,0,0,0,0,0,0,0,0,0,0,0,0,0,0,0,0,0
ASHRAE Data Analysis,https://www.kaggle.com/jsaguiar/ashrae-data-analysis,R,,False,479,bronze,2,0,0,8,0,0,0,0,0,0,0,0,0,0,0,0,0,0,0,0,0,0,0
[ASHRAE] LGBM with Optuna(Demonstration),https://www.kaggle.com/hanjoonchoe/ashrae-lgbm-with-optuna-demonstration,Python,1.4,False,3988,bronze,0,0,0,8,0,0,0,0,0,0,0,0,0,0,0,0,0,0,0,0,0,0,0
Reducing Memory Size for Great Energy Predictor  ,https://www.kaggle.com/hamditarek/reducing-memory-size-for-great-energy-predictor,Python,,False,271,silver,19,0,0,39,0,0,0,0,0,0,0,0,0,0,0,0,0,0,0,0,0,0,0
ASHRAE: Simple Chainer NN starter codes,https://www.kaggle.com/kumezawa/ashrae-simple-chainer-nn-starter-codes,Python,1.3599999999999999,True,23880,,0,0,0,6,0,0,0,0,0,0,0,0,0,0,0,0,0,0,0,0,0,0,0
Save the Energy For the Future - 1 (Detailed EDA),https://www.kaggle.com/cereniyim/save-the-energy-for-the-future-1-detailed-eda,Python,,False,893,bronze,11,0,0,32,0,0,0,0,0,0,0,0,0,0,0,0,0,0,0,0,0,0,0
Simple Prediction(Do not use model) V2,https://www.kaggle.com/yukari17/simple-prediction-do-not-use-model-v2,R,1.35,False,496,silver,2,0,0,26,0,0,0,0,0,0,0,0,0,0,0,0,0,0,0,0,0,0,0
ASHRAE ‚Äì Handling Missing Values,https://www.kaggle.com/pednt9/ashrae-handling-missing-values,Python,,False,131,bronze,1,0,0,8,0,0,0,0,0,0,0,0,0,0,0,0,0,0,0,0,0,0,0
ASHRAE - Degree hours,https://www.kaggle.com/juanmah/ashrae-degree-hours,Python,,False,1344,bronze,4,0,0,11,0,0,0,0,0,0,0,0,0,0,0,0,0,0,0,0,0,0,0
Missing data and zeros visualized,https://www.kaggle.com/ganfear/missing-data-and-zeros-visualized,Python,,False,246,silver,7,0,0,43,0,0,0,0,0,0,0,0,0,0,0,0,0,0,0,0,0,0,0
Deep EDA with Time Series Knowledge and Model,https://www.kaggle.com/haataa/deep-eda-with-time-series-knowledge-and-model,Python,,False,722,bronze,4,0,0,27,0,0,0,0,0,0,0,0,0,0,0,0,0,0,0,0,0,0,0
NaN restoration techniques for weather data,https://www.kaggle.com/frednavruzov/nan-restoration-techniques-for-weather-data,Python,,False,58,silver,8,0,0,40,0,0,0,0,0,0,0,0,0,0,0,0,0,0,0,0,0,0,0
No-ML benchmark,https://www.kaggle.com/mlisovyi/no-ml-benchmark,Python,1.43,False,448,bronze,3,0,0,25,0,0,0,0,0,0,0,0,0,0,0,0,0,0,0,0,0,0,0
fastai v2 Starter Code,https://www.kaggle.com/muellerzr/fastai-v2-starter-code,Python,,True,82,bronze,18,0,0,13,0,0,0,0,0,0,0,0,0,0,0,0,0,0,0,0,0,0,0
EDA+FE-ASHRAE,https://www.kaggle.com/navneetkr123/eda-fe-ashrae,Python,,False,355,,1,0,0,7,0,0,0,0,0,0,0,0,0,0,0,0,0,0,0,0,0,0,0
EDA ASHRAE Simple,https://www.kaggle.com/ihelon/eda-ashrae-simple,Python,,False,20,bronze,3,0,0,7,0,0,0,0,0,0,0,0,0,0,0,0,0,0,0,0,0,0,0
Understanding the metric: RMSLE,https://www.kaggle.com/carlolepelaars/understanding-the-metric-rmsle,Python,2.13,False,405,silver,21,0,0,46,1,0,0,0,0,0,1,0,0,0,0,0,0,0,0,1,0,1,1
ASHRAE_blended_NoLeaks,https://www.kaggle.com/danmusetoiu/ashrae-blended-noleaks,Python,0.998,False,386,,0,0,0,2,0,0,0,0,0,0,0,0,0,0,0,0,0,0,0,0,0,0,0
ASHRAE GEPIII Notebook,https://www.kaggle.com/blakefren/ashrae-gepiii-notebook,Python,,False,13242,,0,0,0,5,0,0,0,0,0,0,0,0,0,0,0,0,0,0,0,0,0,0,0
Basic preprocessing & Simple lightGBM model,https://www.kaggle.com/hukuda222/basic-preprocessing-simple-lightgbm-model,Python,1.508,False,1371,bronze,7,0,0,10,0,0,0,0,0,0,0,0,0,0,0,0,0,0,0,0,0,0,0
Save the Energy For the Future - 2 (FE & LightGBM),https://www.kaggle.com/cereniyim/save-the-energy-for-the-future-2-fe-lightgbm,Python,,False,5365,bronze,9,0,0,15,0,0,0,0,0,0,0,0,0,0,0,0,0,0,0,0,0,0,0
Simple_XGBoost_Regressor_Model,https://www.kaggle.com/sheriytm/simple-xgboost-regressor-model,Python,1.34,True,7936,bronze,2,0,0,10,0,0,0,0,0,0,0,0,0,0,0,0,0,0,0,0,0,0,0
ASHRAE - EDA and Preprocessing,https://www.kaggle.com/gunesevitan/ashrae-eda-and-preprocessing,Python,,False,1992,,2,0,0,6,0,0,0,0,0,0,0,0,0,0,0,0,0,0,0,0,0,0,0
Very significant safe memory + LightGBM,https://www.kaggle.com/vbmokin/very-significant-safe-memory-lightgbm,Python,1.19,False,4394,bronze,0,0,0,24,0,0,0,0,0,0,0,0,0,0,0,0,0,0,0,0,0,0,0
ASHRAE_EDA,https://www.kaggle.com/marinaborodkina/ashrae-eda,Python,,False,198,bronze,2,0,0,9,0,0,0,0,0,0,0,0,0,0,0,0,0,0,0,0,0,0,0
ASHRAE - Cross Validation Methods for LightGBM,https://www.kaggle.com/aitude/ashrae-cross-validation-methods-for-lightgbm,Python,,False,169,,0,0,0,5,0,0,0,0,0,0,0,0,0,0,0,0,0,0,0,0,0,0,0
Blending with Genetic Algorithm pipeline,https://www.kaggle.com/minmyk/blending-with-genetic-algorithm-pipeline,Python,0.96,False,2165,bronze,0,0,0,6,0,0,0,0,0,0,0,0,0,0,0,0,0,0,0,0,0,0,0
[EDA] ASHRAE - TIME SERIES ANALYSIS,https://www.kaggle.com/aitude/eda-ashrae-time-series-analysis,Python,,False,46,bronze,0,0,0,7,0,0,0,0,0,0,0,0,0,0,0,0,0,0,0,0,0,0,0
Locate BETTER Cities by Weather Temp & Fill NaNs,https://www.kaggle.com/datadugong/locate-better-cities-by-weather-temp-fill-nans,Python,,False,29,silver,8,0,0,36,0,0,0,0,0,0,0,0,0,0,0,0,0,0,0,0,0,0,0
ASHRAE - Automatic FE&FS,https://www.kaggle.com/vbmokin/ashrae-automatic-fe-fs,Python,,False,174,bronze,1,0,0,20,0,0,0,0,0,0,0,0,0,0,0,0,0,0,0,0,0,0,0
Faster stratified cross-validation (V2),https://www.kaggle.com/frednavruzov/faster-stratified-cross-validation-v2,Python,,False,227,silver,7,0,0,27,0,0,0,0,0,0,0,0,0,0,0,0,0,0,0,0,0,0,0
ASHRAE - Split Test,https://www.kaggle.com/kyakovlev/ashrae-split-test,Python,2.6,False,284,,1,0,0,3,0,0,0,0,0,0,0,0,0,0,0,0,0,0,0,0,0,0,0
ASHRAE - EDA ,https://www.kaggle.com/kevinling0218/ashrae-eda,Python,,False,275,,0,0,0,2,0,0,0,0,0,0,0,0,0,0,0,0,0,0,0,0,0,0,0
Quick EDA for ASHRAE - Great Energy Predictor III,https://www.kaggle.com/floooo/quick-eda-for-ashrae-great-energy-predictor-iii,Python,,False,1293,,0,0,0,5,0,0,0,0,0,0,0,0,0,0,0,0,0,0,0,0,0,0,0
Prophet 1 building prediction,https://www.kaggle.com/d1348k/prophet-1-building-prediction,Python,,False,395,bronze,0,0,0,13,0,0,0,0,0,0,0,0,0,0,0,0,0,0,0,0,0,0,0
ASHRAE - PREDICTOR III - EDA and LGBM,https://www.kaggle.com/liesk6/ashrae-predictor-iii-eda-and-lgbm,Python,,False,3502,,2,0,0,2,0,0,0,0,0,0,0,0,0,0,0,0,0,0,0,0,0,0,0
ASHRAE: EDA All you need to know,https://www.kaggle.com/dhananjay3/ashrae-eda-all-you-need-to-know,Python,,False,121,,2,0,0,7,0,0,0,0,0,0,0,0,0,0,0,0,0,0,0,0,0,0,0
Bayesian Optimization for LGBM hyperparameters,https://www.kaggle.com/nroman/bayesian-optimization-for-lgbm-hyperparameters,Python,,False,10158,bronze,1,0,0,12,0,0,0,0,0,0,0,0,0,0,0,0,0,0,0,0,0,0,0
Exploring ASHRAE with plotly express,https://www.kaggle.com/bsnithin44/exploring-ashrae-with-plotly-express,Python,,False,69,,0,0,0,4,0,0,0,0,0,0,0,0,0,0,0,0,0,0,0,0,0,0,0
Simple XGBoost,https://www.kaggle.com/ihelon/simple-xgboost,Python,2.222,False,4916,bronze,2,0,0,6,0,0,0,0,0,0,0,0,0,0,0,0,0,0,0,0,0,0,0
ASHRAE - Weather_train_test Imputation,https://www.kaggle.com/trehansalil1/ashrae-weather-train-test-imputation,Python,,True,417,,2,0,0,2,0,0,0,0,0,0,0,0,0,0,0,0,0,0,0,0,0,0,0
ASHRAE_basic_preprocess2,https://www.kaggle.com/caneiro/ashrae-basic-preprocess2,Python,,False,211,,0,0,0,2,0,0,0,0,0,0,0,0,0,0,0,0,0,0,0,0,0,0,0
"Update on ""Simple LightGBM"" -> LB 1.17",https://www.kaggle.com/muhakabartay/update-on-simple-lightgbm-lb-1-17,Python,1.17,False,30907,bronze,0,0,0,11,0,0,0,0,0,0,0,0,0,0,0,0,0,0,0,0,0,0,0
ASHRAE-Simple Analysis towards Accurate Prediction,https://www.kaggle.com/abumabrur/ashrae-simple-analysis-towards-accurate-prediction,Python,,False,190,,1,0,0,4,0,0,0,0,0,0,0,0,0,0,0,0,0,0,0,0,0,0,0
Handling Missing Data ASHRAE pt1,https://www.kaggle.com/rohan9889/handling-missing-data-ashrae-pt1,Python,,False,1746,,0,0,0,3,0,0,0,1,0,0,1,0,1,0,0,0,0,0,0,1,0,1,0
ASHRAE - Reduce Memory Usages,https://www.kaggle.com/aitude/ashrae-reduce-memory-usages,Python,,False,72,bronze,6,0,0,8,0,0,0,0,0,0,0,0,0,0,0,0,0,0,0,0,0,0,0
ASHRAE random forest model,https://www.kaggle.com/shuan3/ashrae-random-forest-model,Python,,False,282,,0,0,0,8,0,0,0,0,0,0,0,0,0,0,0,0,0,0,0,0,0,0,0
Weather Dashboard : EDA & Visualization ‚õÖüå°Ô∏è ,https://www.kaggle.com/subinium/weather-dashboard-eda-visualization,Python,,False,27,bronze,2,0,0,14,0,0,0,0,0,0,0,0,0,0,0,0,0,0,0,0,0,0,0
ASHRAE Building Data Explore,https://www.kaggle.com/amitagni/ashrae-building-data-explore,R,,False,68,,0,0,0,1,0,0,0,0,0,0,0,0,0,0,0,0,0,0,0,0,0,0,0
ASHRAE: Extra GP Features,https://www.kaggle.com/scirpus/ashrae-extra-gp-features,Python,,False,149,bronze,2,0,0,7,0,0,0,0,0,0,0,0,0,0,0,0,0,0,0,0,0,0,0
ASHRAE - Energy vs temperature,https://www.kaggle.com/juanmah/ashrae-energy-vs-temperature,Python,,False,164,,1,0,0,7,0,0,0,0,0,0,0,0,0,0,0,0,0,0,0,0,0,0,0
time_series_study,https://www.kaggle.com/robertobianco/time-series-study,Python,,False,1166,bronze,1,0,0,7,0,0,0,0,0,0,0,0,0,0,0,0,0,0,0,0,0,0,0
Basic EDA + üè¢ Data Visualization plots,https://www.kaggle.com/marcovasquez/basic-eda-data-visualization-plots,Python,,False,83,bronze,1,0,0,10,0,0,0,0,0,0,0,0,0,0,0,0,0,0,0,0,0,0,0
Splitting into 4 LGBM models based on meter column,https://www.kaggle.com/isaienkov/splitting-into-4-lgbm-models-based-on-meter-column,Python,2.436,False,2794,bronze,10,0,0,13,0,0,0,0,0,0,0,0,0,0,0,0,0,0,0,0,0,0,0
ASHRAE - The first step: EDA with Python,https://www.kaggle.com/tinkywuzhao/ashrae-the-first-step-eda-with-python,Python,,False,361,,0,0,0,2,0,0,0,0,0,0,0,0,0,0,0,0,0,0,0,0,0,0,0
Fill missing for train data by LightGBM,https://www.kaggle.com/patrick0302/fill-missing-for-train-data-by-lightgbm,Python,,False,35,bronze,3,0,0,11,0,0,0,0,0,0,0,0,0,0,0,0,0,0,0,0,0,0,0
Baseline Solution without model (1.44 PublicLB),https://www.kaggle.com/yasarc4/baseline-solution-without-model-1-44-publiclb,Python,1.44,False,452,,6,0,0,8,0,0,0,0,0,0,0,0,0,0,0,0,0,0,0,0,0,0,0
Express comprehensive EDA,https://www.kaggle.com/pednt9/express-comprehensive-eda,Python,,False,1261,bronze,4,0,0,13,0,0,0,0,0,0,0,0,0,0,0,0,0,0,0,0,0,0,0
ASHRAE Competition: Introduction,https://www.kaggle.com/sgalella/ashrae-competition-introduction,Python,,False,464,,0,0,0,1,0,0,0,0,0,0,0,0,0,0,0,0,0,0,0,0,0,0,0
ASHRAE - Great Energy Predictor(datasci_nrrr),https://www.kaggle.com/rutujawadekar/ashrae-great-energy-predictor-datasci-nrrr,Python,,False,1082,,0,0,0,5,0,0,0,0,0,0,0,0,0,0,0,0,0,0,0,0,0,0,0
"For R Users, Read & Load Efficiently (& Save Time)",https://www.kaggle.com/pradeep13/for-r-users-read-load-efficiently-save-time,R,,False,8,bronze,2,0,0,15,0,0,0,0,0,0,0,0,0,0,0,0,0,0,0,0,0,0,0
ASHRAE_insight_pack,https://www.kaggle.com/nandhuelan/ashrae-insight-pack,Python,1.3599999999999999,False,6297,,0,0,0,2,0,0,0,0,0,0,0,0,0,0,0,0,0,0,0,0,0,0,0
energy consumption,https://www.kaggle.com/billynguyen/energy-consumption,R,,False,324,bronze,7,0,0,10,0,0,0,0,0,0,0,0,0,0,0,0,0,0,0,0,0,0,0
ASHRAE 3 LightGBM,https://www.kaggle.com/liannan2016/ashrae-3-lightgbm,Python,1.13,True,381,,1,0,0,3,0,0,0,0,0,0,0,0,0,0,0,0,0,0,0,0,0,0,0
ASHRAE-Sample_Submission and Data_Leakage_Exercise,https://www.kaggle.com/grapestone5321/ashrae-sample-submission-and-data-leakage-exercise,Python,4.699,False,260,,2,0,0,4,0,0,0,0,0,0,0,0,0,0,0,0,0,0,0,0,0,0,0
Great Energy Predictor - Intro with LightGBM,https://www.kaggle.com/khairulislam/great-energy-predictor-intro-with-lightgbm,Python,1.38,False,3287,,8,0,0,6,0,0,0,0,0,0,0,0,0,0,0,0,0,0,0,0,0,0,0
"Simple Prediction(Do not use model), LB: 1.35",https://www.kaggle.com/yukari17/simple-prediction-do-not-use-model-lb-1-35,R,,False,6,bronze,1,0,0,8,0,0,0,0,0,0,0,0,0,0,0,0,0,0,0,0,0,0,0
ASHRAE-YOSHVEI,https://www.kaggle.com/daavids/ashrae-yoshvei,R,,False,94,,0,0,0,0,0,0,0,0,0,0,0,0,0,0,0,0,0,0,0,0,0,0,0
ASHRAE - PNG graphs for buildings 0-482,https://www.kaggle.com/juanmah/ashrae-png-graphs-for-buildings-0-482,Python,,False,2087,bronze,0,0,0,8,0,0,0,0,0,0,0,0,0,0,0,0,0,0,0,0,0,0,0
ASHRAE meter reading Prediction,https://www.kaggle.com/sreelathar/ashrae-meter-reading-prediction,Python,2.17,False,643,,0,0,0,1,0,0,0,0,0,0,0,0,0,0,0,0,0,0,0,0,0,0,0
ASHRAE 3 Fold LIGHTGBM ,https://www.kaggle.com/swathym/ashrae-3-fold-lightgbm,Python,,True,11787,,0,0,0,1,0,0,0,0,0,0,0,0,0,0,0,0,0,0,0,0,0,0,0
LGBM baseline,https://www.kaggle.com/morituri/lgbm-baseline,Python,1.16,False,6794,,0,0,0,1,0,0,0,0,0,0,0,0,0,0,0,0,0,0,0,0,0,0,0
Great Energy Prediction,https://www.kaggle.com/viswajithkn/great-energy-prediction,Python,1.12,False,2451,,0,0,0,5,0,0,0,0,0,0,0,0,0,0,0,0,0,0,0,0,0,0,0
ASHRAE - GEP III - Feature Engineering Try #1,https://www.kaggle.com/jeeperscreepers/ashrae-gep-iii-feature-engineering-try-1,Python,1.24,False,1909,,0,0,0,2,0,0,0,0,0,0,0,0,0,0,0,0,0,0,0,0,0,0,0
Model-less Median Prediction,https://www.kaggle.com/mdanielson/model-less-median-prediction,Python,1.6099999999999999,False,384,bronze,3,0,0,10,0,0,0,0,0,0,0,0,0,0,0,0,0,0,0,0,0,0,0
Handling Missing Data ASHRAE pt2,https://www.kaggle.com/rohan9889/handling-missing-data-ashrae-pt2,Python,,False,2471,,0,0,0,4,0,0,0,0,0,0,0,0,0,0,0,0,0,0,0,0,0,0,0
ASHRAE EDA with Plots,https://www.kaggle.com/sumit29/ashrae-eda-with-plots,Python,,False,376,,0,0,0,3,0,0,0,0,0,0,0,0,0,0,0,0,0,0,0,0,0,0,0
Data Science for tabular data: Advanced Techniques,https://www.kaggle.com/vbmokin/data-science-for-tabular-data-advanced-techniques,Python,,False,13,bronze,11,0,0,18,1,1,0,1,0,0,1,0,1,0,0,0,0,0,0,0,0,0,0
ashrae-energy-simple-baseline-v2,https://www.kaggle.com/vladlee/ashrae-energy-simple-baseline-v2,Python,1.16,False,3915,,0,0,0,1,0,0,0,0,0,0,0,0,0,0,0,0,0,0,0,0,0,0,0
ASHRAE: Exploratory Data Analysis - Visualization,https://www.kaggle.com/ndrberna/ashrae-exploratory-data-analysis-visualization,Python,,False,472,,0,0,0,1,0,0,0,0,0,0,0,0,0,0,0,0,0,0,0,0,0,0,0
ASHRAE - Great Energy Predictor III,https://www.kaggle.com/jiaofenx/ashrae-great-energy-predictor-iii,Python,1.24,False,29162,,0,0,0,1,0,0,0,0,0,0,0,0,0,0,0,0,0,0,0,0,0,0,0
ASHRAE Test Final,https://www.kaggle.com/wentzforte/ashrae-test-final,Python,0.979,False,2449,,1,0,0,2,0,0,0,0,0,0,0,0,0,0,0,0,0,0,0,0,0,0,0
ASHRAE Linear Regressions ,https://www.kaggle.com/plarmuseau/ashrae-linear-regressions,Python,1.44,False,3075,,0,0,0,0,0,0,0,0,0,0,0,0,0,0,0,0,0,0,0,0,0,0,0
EDA - ASHRAE Energy,https://www.kaggle.com/rhodiumbeng/eda-ashrae-energy,Python,,False,969,,2,0,0,2,0,0,0,0,0,0,0,0,0,0,0,0,0,0,0,0,0,0,0
ASHRAE - First look,https://www.kaggle.com/malina015/ashrae-first-look,Python,,False,927,,0,0,0,2,0,0,0,0,0,0,0,0,0,0,0,0,0,0,0,0,0,0,0
Basic EDA,https://www.kaggle.com/nikhilkasturi/basic-eda,Python,,False,201,,0,0,0,3,0,0,0,0,0,0,0,0,0,0,0,0,0,0,0,0,0,0,0
[ASHRAE]FE + LGBM(Incomplete ver.1),https://www.kaggle.com/hanjoonchoe/ashrae-fe-lgbm-incomplete-ver-1,Python,3.35,False,1441,,2,0,0,4,0,0,0,0,0,0,0,0,0,0,0,0,0,0,0,0,0,0,0
ashrae-energy-prediction-starter-code,https://www.kaggle.com/tippu89/ashrae-energy-prediction-starter-code,Python,,False,78,,0,0,0,3,0,0,0,0,0,0,0,0,0,0,0,0,0,0,0,0,0,0,0
ASHRAE Building Energy Prediction - LightGBM,https://www.kaggle.com/geochatz/ashrae-building-energy-prediction-lightgbm,Python,1.331,False,8939,,2,0,0,3,0,0,1,0,0,0,0,0,0,1,1,0,1,0,1,0,0,0,0
ASHRAE Prediction - RF - Quick Baseline (1.47),https://www.kaggle.com/saipkb86/ashrae-prediction-rf-quick-baseline-1-47,Python,,False,19,,0,0,0,1,0,0,0,0,0,0,0,0,0,0,0,0,0,0,0,0,0,0,0
 [ASHRAE] Site_id 0&8/Site_id 7&11 are the same.,https://www.kaggle.com/hanjoonchoe/ashrae-site-id-0-8-site-id-7-11-are-the-same,Python,,False,25,bronze,2,0,0,8,0,0,0,0,0,0,0,0,0,0,0,0,0,0,0,0,0,0,0
ASHRAE-EDA,https://www.kaggle.com/charliequan128/ashrae-eda,Python,,False,52,,0,0,0,1,0,0,0,0,0,0,0,0,0,0,0,0,0,0,0,0,0,0,0
ASHRAE Function,https://www.kaggle.com/zhangxsaras/ashrae-function,Python,,False,1760,,0,0,0,0,0,0,0,0,0,0,0,0,0,0,0,0,0,0,0,0,0,0,0
ASHRAE 7d4460,https://www.kaggle.com/xinchenli/ashrae-7d4460,Python,,False,2552,,0,0,0,0,0,0,0,0,0,0,0,0,0,0,0,0,0,0,0,0,0,0,0
ashrae slice6,https://www.kaggle.com/makrovh/ashrae-slice6,Python,,True,25518,,0,0,0,0,0,0,0,0,0,0,0,0,0,0,0,0,0,0,0,0,0,0,0
test-ashrae,https://www.kaggle.com/ramngil/test-ashrae,Python,,True,2677,,0,0,0,1,0,0,0,0,0,0,0,0,0,0,0,0,0,0,0,0,0,0,0
ASHRAE III ,https://www.kaggle.com/mehdi16/ashrae-iii,Python,,False,23,,0,0,0,1,0,0,0,0,0,0,0,0,0,0,0,0,0,0,0,0,0,0,0
ASHRAE Basic EDA,https://www.kaggle.com/sarveshmalagi/ashrae-basic-eda,Python,,False,243,,0,0,0,0,0,0,0,0,0,0,0,0,0,0,0,0,0,0,0,0,0,0,0
ASHRAE EDA,https://www.kaggle.com/parksangmmin19930217/ashrae-eda,Python,,False,284,,0,0,0,1,0,0,0,0,0,0,0,0,0,0,0,0,0,0,0,0,0,0,0
ASHRAE GREAT ENERGY PREDICT,https://www.kaggle.com/holoong9291/ashrae-great-energy-predict,Python,,False,7,,0,0,0,2,0,0,0,0,0,0,0,0,0,0,0,0,0,0,0,0,0,0,0
minimal export ASHRAE v1,https://www.kaggle.com/danofer/minimal-export-ashrae-v1,Python,,False,3260,,0,0,0,2,0,0,0,0,0,0,0,0,0,0,0,0,0,0,0,0,0,0,0
ASHRAE EDA with Seaborn,https://www.kaggle.com/endrewrossin/ashrae-eda-with-seaborn,Python,,False,153,,0,0,0,2,0,0,0,0,0,0,0,0,0,0,0,0,0,0,0,0,0,0,0
Many2Many LSTM using PyTorch,https://www.kaggle.com/alonalon/many2many-lstm-using-pytorch,Python,2.18,True,10532,,0,0,0,4,0,0,0,0,0,0,0,0,0,0,0,0,0,0,0,0,0,0,0
Save the Energy For the Future - 3 (Predictions),https://www.kaggle.com/cereniyim/save-the-energy-for-the-future-3-predictions,Python,2.777,False,9128,,2,0,0,4,0,0,0,0,0,0,0,0,0,0,0,0,0,0,0,0,0,0,0
EDA & Insights on Weather & Buildings,https://www.kaggle.com/blue07/eda-insights-on-weather-buildings,Python,,False,201,bronze,2,0,0,11,0,0,0,0,0,0,0,0,0,0,0,0,0,0,0,0,0,0,0
Starter ‚ö° Great Energy Predictor ,https://www.kaggle.com/georsara1/starter-great-energy-predictor,Python,1.34,False,5207,,2,0,0,1,0,0,0,0,0,0,0,0,0,0,0,0,0,0,0,0,0,0,0
[ChristUniversity#Workshop]NumpyTutorial,https://www.kaggle.com/usharengaraju/christuniversity-workshop-numpytutorial,Python,,False,17,bronze,2,0,0,13,0,0,0,0,0,0,0,0,0,0,0,0,0,0,0,0,0,0,0
ASHRAE - Great Energy Predictor III Xgb Model,https://www.kaggle.com/rampathan/ashrae-great-energy-predictor-iii-xgb-model,Python,,True,986,,0,0,0,4,0,0,0,0,0,0,0,0,0,0,0,0,0,0,0,0,0,0,0
Ashrae energy prediction ,https://www.kaggle.com/uttam94/ashrae-energy-prediction,Python,,False,425,,1,0,0,1,0,0,0,0,0,0,0,0,0,0,0,0,0,0,0,0,0,0,0
Ashrae - Beginner EDA,https://www.kaggle.com/vabatista/ashrae-beginner-eda,Python,,False,1252,,0,0,0,1,0,0,0,0,0,0,0,0,0,0,0,0,0,0,0,0,0,0,0
ASHRAE + fastai + colab,https://www.kaggle.com/enzoamp/ashrae-fastai-colab,Python,,False,193,,0,0,0,1,0,0,0,0,0,0,0,0,0,0,0,0,0,0,0,0,0,0,0
ASHRAE: Intial EDA,https://www.kaggle.com/aadilsrivastava01/ashrae-intial-eda,Python,,False,416,,0,0,0,1,0,0,0,0,0,0,0,0,0,0,0,0,0,0,0,0,0,0,0
[ChristUniversity#Workshop]Pandas,https://www.kaggle.com/usharengaraju/christuniversity-workshop-pandas,Python,,False,16,bronze,0,0,0,8,0,0,0,0,0,0,0,0,0,0,0,0,0,0,0,0,0,0,0
ASHRAE_ EDA 1,https://www.kaggle.com/himanshujoshi13/ashrae-eda-1,Python,1.3599999999999999,False,5560,,0,0,0,1,0,0,0,0,0,0,0,0,0,0,0,0,0,0,0,0,0,0,0
◊ê÷∑◊©÷∞◊Å◊®÷µ◊ô Corey's EDA ,https://www.kaggle.com/returnofsputnik/corey-s-eda,Python,,False,125,,0,0,0,5,0,0,0,0,0,0,0,0,0,0,0,0,0,0,0,0,0,0,0
ASHRAE: Half and Half,https://www.kaggle.com/samihadouaj/ashrae-half-and-half,Python,2.23,False,1009,,0,0,0,1,0,0,0,0,0,0,0,0,0,0,0,0,0,0,0,0,0,0,0
Starter: ASHRAE 79711591-1,https://www.kaggle.com/kerneler/starter-ashrae-79711591-1,Python,,False,13,,0,0,0,1,0,0,0,0,0,0,0,0,0,0,0,0,0,0,0,0,0,0,0
ASHRAE Energy - Simple Average,https://www.kaggle.com/rhodiumbeng/ashrae-energy-simple-average,Python,1.3900000000000001,False,17147,,2,0,0,1,0,0,0,0,0,0,0,0,0,0,0,0,0,0,0,0,0,0,0
ASHRAE - Update NumPy. Notebook,https://www.kaggle.com/juanmah/ashrae-update-numpy-notebook,Python,,False,31,,0,0,0,1,0,0,0,0,0,0,0,0,0,0,0,0,0,0,0,0,0,0,0
ASHRAE Competition - Gijs clean,https://www.kaggle.com/gijske/ashrae-competition-gijs-clean,Python,,False,1378,,0,0,0,0,0,0,0,0,0,0,0,0,0,0,0,0,0,0,0,0,0,0,0
Copycat Ken,https://www.kaggle.com/authman/copycat-ken,Python,1.6059999999999999,False,381,,7,0,0,3,0,0,0,0,0,0,0,0,0,0,0,0,0,0,0,0,0,0,0
[UCF] counterfactual prediction analysis,https://www.kaggle.com/teeyee314/ucf-counterfactual-prediction-analysis,Python,,False,390,,2,0,0,3,0,0,0,0,0,0,0,0,0,0,0,0,0,0,0,0,0,0,0
Starter code,https://www.kaggle.com/ishaan45/starter-code,Python,1.38,False,4461,,0,0,0,3,0,0,0,0,0,0,0,0,0,0,0,0,0,0,0,0,0,0,0
Implicit merge operation by LiteMORT,https://www.kaggle.com/litemort/implicit-merge-operation-by-litemort,Python,1.1,False,2957,,0,0,0,3,0,0,0,0,0,0,0,0,0,0,0,0,0,0,0,0,0,0,0
Odyssey towards a sustainable built environment,https://www.kaggle.com/migglu/odyssey-towards-a-sustainable-built-environment,Python,,False,1067,,0,0,0,3,0,0,0,0,0,0,0,0,0,0,0,0,0,0,0,0,0,0,0
"Exploring Buildings ,Weather and Time Series Data ",https://www.kaggle.com/rajeshcv/exploring-buildings-weather-and-time-series-data,Python,,True,601,,0,0,0,3,0,0,0,0,0,0,0,0,0,0,0,0,0,0,0,0,0,0,0
Experimentation + EDA,https://www.kaggle.com/abhishek4u/experimentation-eda,Python,,False,1123,,2,0,0,3,0,0,0,0,0,0,0,0,0,0,0,0,0,0,0,0,0,0,0
energy_baseline_predict,https://www.kaggle.com/jt120lz/energy-baseline-predict,Python,2.908,False,442,,0,0,0,1,0,0,0,0,0,0,0,0,0,0,0,0,0,0,0,0,0,0,0
ASHRAE - Great Energy Predictor III - EDA & FE,https://www.kaggle.com/sundaramoorthyks/ashrae-great-energy-predictor-iii-eda-fe,Python,,False,2999,,2,0,0,2,1,0,1,1,0,0,1,0,0,0,0,0,0,0,0,1,0,0,0
ASHRAE - Great Energy Predictor III - Info & EDA,https://www.kaggle.com/raimonds1993/ashrae-great-energy-predictor-iii-info-eda,Python,,False,134,,0,0,0,2,0,0,0,0,0,0,0,0,0,0,0,0,0,0,0,0,0,0,0
ASHRAE - PNG graphs for buildings 966-1448,https://www.kaggle.com/juanmah/ashrae-png-graphs-for-buildings-966-1448,Python,,False,2304,,0,0,0,2,0,0,0,0,0,0,0,0,0,0,0,0,0,0,0,0,0,0,0
ASHRAE - PNG graphs for buildings 483-965,https://www.kaggle.com/juanmah/ashrae-png-graphs-for-buildings-483-965,Python,,False,2355,,0,0,0,2,0,0,0,0,0,0,0,0,0,0,0,0,0,0,0,0,0,0,0
Python Denemeler,https://www.kaggle.com/ghisloine/python-denemeler,Python,,True,47,,0,0,0,5,0,0,0,0,0,0,0,0,0,0,0,0,0,0,0,0,0,0,0
Model_RF_,https://www.kaggle.com/jrodrigof/model-rf,Python,1.162,False,7451,,0,0,0,1,0,0,0,0,0,0,0,0,0,0,0,0,0,0,0,0,0,0,0
ASHRAE: EDA + FE + fastai (3-fold),https://www.kaggle.com/enzoamp/ashrae-eda-fe-fastai-3-fold,Python,1.13,False,1465,,0,0,0,0,0,0,0,0,0,0,0,0,0,0,0,0,0,0,0,0,0,0,0
ASHRAE - Correlation between energy aspects,https://www.kaggle.com/juanmah/ashrae-correlation-between-energy-aspects,Python,,False,163,,0,0,0,1,0,0,0,0,0,0,0,0,0,0,0,0,0,0,0,0,0,0,0
Energy Predictor Starter,https://www.kaggle.com/bhavesh09/energy-predictor-starter,Python,1.78,False,350,,1,0,0,4,0,0,0,0,0,0,0,0,0,0,0,0,0,0,0,0,0,0,0
datasci_nrrr TIMESERIES,https://www.kaggle.com/nehalnavande/datasci-nrrr-timeseries,Python,,False,675,,0,0,0,3,0,0,0,0,0,0,0,0,0,0,0,0,0,0,0,0,0,0,0
weather cleaning and validating with darksky,https://www.kaggle.com/trudie35/weather-cleaning-and-validating-with-darksky,Python,,False,29,,2,0,0,2,0,0,0,0,0,0,0,0,0,0,0,0,0,0,0,0,0,0,0
ASHRAE Data Cleaning and Correction | R,https://www.kaggle.com/sbrar0804/ashrae-data-cleaning-and-correction-r,R,,False,237,,0,0,0,1,0,0,0,0,0,0,0,0,0,0,0,0,0,0,0,0,0,0,0
ASHRAE - Great Energy Predictor III EDA,https://www.kaggle.com/anjanatiha/ashrae-great-energy-predictor-iii-eda,Python,,False,123,,0,0,0,1,0,0,0,0,0,0,0,0,0,0,0,0,0,0,0,0,0,0,0
ASHRAE: interactive data visualization with plotly,https://www.kaggle.com/corochann/ashrae-interactive-data-visualization-with-plotly,Python,,False,54,,0,0,0,1,0,0,0,0,0,0,0,0,0,0,0,0,0,0,0,0,0,0,0
ASHRAE - Great Energy Predictor III (mockh),https://www.kaggle.com/amigosmomo/ashrae-great-energy-predictor-iii-mockh,Python,,True,60,,0,0,0,1,0,0,0,0,0,0,0,0,0,0,0,0,0,0,0,0,0,0,0
ashrae slice2,https://www.kaggle.com/chaneol/ashrae-slice2,Python,,True,25468,,0,0,0,0,0,0,0,0,0,0,0,0,0,0,0,0,0,0,0,0,0,0,0
ashrae slice3,https://www.kaggle.com/makrovmf3/ashrae-slice3,Python,,True,25474,,0,0,0,0,0,0,0,0,0,0,0,0,0,0,0,0,0,0,0,0,0,0,0
Starter: ASHRAE - LGBM external models 9beb4bd3-d,https://www.kaggle.com/kerneler/starter-ashrae-lgbm-external-models-9beb4bd3-d,Python,,False,11,,0,0,0,0,0,0,0,0,0,0,0,0,0,0,0,0,0,0,0,0,0,0,0
Google_Quest for NLP_V7,https://www.kaggle.com/nandhuelan/google-quest-for-nlp-v7,Python,0.325,True,1083,bronze,6,0,0,10,0,0,0,0,0,0,0,0,0,0,0,0,0,0,0,0,0,0,0
ASHRAE: Alpha version,https://www.kaggle.com/stephentsumner/ashrae-alpha-version,Python,,False,257,,0,0,0,0,0,0,0,0,0,0,0,0,0,0,0,0,0,0,0,0,0,0,0
ASHRAE-Ligthbgm-Beginner,https://www.kaggle.com/nel1166/ashrae-ligthbgm-beginner,Python,,False,5136,,0,0,0,0,0,0,0,0,0,0,0,0,0,0,0,0,0,0,0,0,0,0,0
ASHRAE- KFold LightGBM,https://www.kaggle.com/tsymbolist/ashrae-kfold-lightgbm,Python,1.117,False,7613,,0,0,0,0,0,0,0,0,0,0,0,0,0,0,0,0,0,0,0,0,0,0,0
ASHRAE Energy prediction,https://www.kaggle.com/deepbear/ashrae-energy-prediction,Python,,False,2749,,0,0,0,0,0,0,0,0,0,0,0,0,0,0,0,0,0,0,0,0,0,0,0
üîå ASHRAE-01-EDA,https://www.kaggle.com/ricvolpe/ashrae-01-eda,Python,,False,72,,0,0,0,0,0,0,0,0,0,0,0,0,0,0,0,0,0,0,0,0,0,0,0
ashrae slice-5,https://www.kaggle.com/kerkh2o/ashrae-slice-5,Python,,True,25505,,0,0,0,0,0,0,0,0,0,0,0,0,0,0,0,0,0,0,0,0,0,0,0
ASHRAE slice-4,https://www.kaggle.com/aiiqams/ashrae-slice-4,Python,,True,25533,,0,0,0,0,0,0,0,0,0,0,0,0,0,0,0,0,0,0,0,0,0,0,0
ASHRAE - Data minification,https://www.kaggle.com/jiaofenx/ashrae-data-minification,Python,,False,394,,0,0,0,0,0,0,0,0,0,0,0,0,0,0,0,0,0,0,0,0,0,0,0
ashrae-data-exploration,https://www.kaggle.com/antoniogcorreia/ashrae-data-exploration,Python,,False,266,,0,0,0,0,0,0,0,0,0,0,0,0,0,0,0,0,0,0,0,0,0,0,0
ASHRAE fifth try,https://www.kaggle.com/amaity0/ashrae-fifth-try,Python,1.1400000000000001,False,1586,,0,0,0,0,0,0,0,0,0,0,0,0,0,0,0,0,0,0,0,0,0,0,0
Filling time gaps & visualize with marked gaps,https://www.kaggle.com/labdmitriy/filling-time-gaps-visualize-with-marked-gaps,Python,,False,191,bronze,1,0,0,8,0,0,0,0,0,0,0,0,0,0,0,0,0,0,0,0,0,0,0
Competitions are Rock'n' Roll,https://www.kaggle.com/mpwolke/competitions-are-rock-n-roll,Python,,False,24,bronze,23,0,0,25,0,0,0,0,0,0,0,0,0,0,0,0,0,0,0,0,0,0,0
EDA : meter_reading for site 0-5,https://www.kaggle.com/arnabbiswas1/eda-meter-reading-for-site-0-5,Python,,False,957,,0,0,0,2,0,0,0,0,0,0,0,0,0,0,0,0,0,0,0,0,0,0,0
ASHRAE_Data_Preprocessing,https://www.kaggle.com/narasimhach/ashrae-data-preprocessing,Python,,False,154,,0,0,0,1,0,0,0,0,0,0,0,0,0,0,0,0,0,0,0,0,0,0,0
ASHRAE_EDA,https://www.kaggle.com/garipurv/ashrae-eda,Python,,False,80,,0,0,0,1,0,0,0,0,0,0,0,0,0,0,0,0,0,0,0,0,0,0,0
Single Variate Time-series Preditions V1,https://www.kaggle.com/sklasfeld/single-variate-time-series-preditions-v1,Python,,False,16013,,0,0,0,2,0,0,0,0,0,0,0,0,0,0,0,0,0,0,0,0,0,0,0
kernel4aa1c5a92e,https://www.kaggle.com/yujaiol/kernel4aa1c5a92e,Python,1.31,False,2132,,0,0,0,1,0,0,0,0,0,0,0,0,0,0,0,0,0,0,0,0,0,0,0
üí°Need For Energyüî•üî•(EDA+LightGBM Prediction),https://www.kaggle.com/basu369victor/need-for-energy-eda-lightgbm-prediction,Python,1.435,False,4677,,2,0,0,1,0,0,0,0,0,0,0,0,0,0,0,0,0,0,0,0,0,0,0
Fill Weather Missing with LightGBM,https://www.kaggle.com/thedocs/fill-weather-missing-with-lightgbm,Python,,False,1364,,1,0,0,2,0,0,0,0,0,0,0,0,0,0,0,0,0,0,0,0,0,0,0
[EDA] Time series plot for all buildings,https://www.kaggle.com/statefb/eda-time-series-plot-for-all-buildings,Python,,False,870,,0,0,0,6,0,0,0,0,0,0,0,0,0,0,0,0,0,0,0,0,0,0,0
ASHRAE_energy_EDA(Dask),https://www.kaggle.com/jypucca/ashrae-energy-eda-dask,Python,,False,530,,0,0,0,0,0,0,0,0,0,0,0,0,0,0,0,0,0,0,0,0,0,0,0
Comparing Minification Methods,https://www.kaggle.com/xkagjaeo05/comparing-minification-methods,Python,,False,480,,0,0,0,6,0,0,0,0,0,0,0,0,0,0,0,0,0,0,0,0,0,0,0
Starter: ashrae 36ace953-8,https://www.kaggle.com/kerneler/starter-ashrae-36ace953-8,Python,,False,122,,0,0,0,0,0,0,0,0,0,0,0,0,0,0,0,0,0,0,0,0,0,0,0
ASHRAE - ML HW6 - LGBM,https://www.kaggle.com/enigola/ashrae-ml-hw6-lgbm,Python,1.16,False,7257,,0,0,0,0,0,0,0,0,0,0,0,0,0,0,0,0,0,0,0,0,0,0,0
ASHRAE: h2o-1-slice,https://www.kaggle.com/changethetuneman/ashrae-h2o-1-slice,Python,,False,25480,,0,0,0,0,0,0,0,0,0,0,0,0,0,0,0,0,0,0,0,0,0,0,0
Starter: ASHRAE/ 21e237f3-6,https://www.kaggle.com/kerneler/starter-ashrae-21e237f3-6,Python,,False,13,,0,0,0,0,0,0,0,0,0,0,0,0,0,0,0,0,0,0,0,0,0,0,0
How Big is your Model Error!?,https://www.kaggle.com/rikhard/how-big-is-your-model-error,Python,,False,1711,,0,0,0,6,0,0,0,0,0,0,0,0,0,0,0,0,0,0,0,0,0,0,0
UniTartu_ML_Navid,https://www.kaggle.com/navidbamdadroshan/unitartu-ml-navid,Python,1.127,False,9963,,0,0,0,0,0,0,0,0,0,0,0,0,0,0,0,0,0,0,0,0,0,0,0
Submission Visualization & Comparison,https://www.kaggle.com/poedator/submission-visualization-comparison,Python,,False,291,,0,0,0,1,0,0,0,0,0,0,0,0,0,0,0,0,0,0,0,0,0,0,0
ASHRAE3 first try,https://www.kaggle.com/amaity0/ashrae3-first-try,Python,2.44,False,2223,,0,0,0,0,0,0,0,0,0,0,0,0,0,0,0,0,0,0,0,0,0,0,0
energy_baseline_train,https://www.kaggle.com/jt120lz/energy-baseline-train,Python,,False,184,,0,0,0,1,0,0,0,0,0,0,0,0,0,0,0,0,0,0,0,0,0,0,0
ASHRAE - Great Energy Predictor III,https://www.kaggle.com/worounas/ashrae-great-energy-predictor-iii,Python,,False,102,,0,0,0,0,0,0,0,0,0,0,0,0,0,0,0,0,0,0,0,0,0,0,0
Kaggle-ashrae-energy-prediction-TimeSeriesForcast,https://www.kaggle.com/anjeetkumar/kaggle-ashrae-energy-prediction-timeseriesforcast,Python,,False,131,,0,0,0,0,0,0,0,0,0,0,0,0,0,0,0,0,0,0,0,0,0,0,0
Starter: Ashrae Data bee01cfd-e,https://www.kaggle.com/kerneler/starter-ashrae-data-bee01cfd-e,Python,,False,69,,0,0,0,0,0,0,0,0,0,0,0,0,0,0,0,0,0,0,0,0,0,0,0
Starter: ashrae-droprows 8c10c427-e,https://www.kaggle.com/kerneler/starter-ashrae-droprows-8c10c427-e,Python,,False,9,,0,0,0,0,0,0,0,0,0,0,0,0,0,0,0,0,0,0,0,0,0,0,0
ASHRAE Building Energy Prediction - DNN,https://www.kaggle.com/geochatz/ashrae-building-energy-prediction-dnn,Python,1.669,False,23356,,0,0,0,0,0,0,0,0,0,0,0,0,0,0,0,0,0,0,0,0,0,0,0
Energy consumption,https://www.kaggle.com/japkeerat/energy-consumption,Python,1.33,True,2160,,0,0,0,3,0,0,0,0,0,0,0,0,0,0,0,0,0,0,0,0,0,0,0
Simple target & covariate time series plot ,https://www.kaggle.com/kenmatsu4/simple-target-covariate-time-series-plot,Python,,False,74,,0,0,0,3,0,0,0,0,0,0,0,0,0,0,0,0,0,0,0,0,0,0,0
Simple LGBM Solution,https://www.kaggle.com/nonborghini/simple-lgbm-solution,Python,,False,1025,,0,0,0,1,0,0,0,0,0,0,0,0,0,0,0,0,0,0,0,0,0,0,0
2380 Models on each Building and Meter,https://www.kaggle.com/tehutahu/2380-models-on-each-building-and-meter,Python,1.097,False,4989,,0,0,0,4,0,0,0,0,0,0,0,0,0,0,0,0,0,0,0,0,0,0,0
Interpolate Weather,https://www.kaggle.com/kueno55/interpolate-weather,Python,,False,172,,0,0,0,4,0,0,0,0,0,0,0,0,0,0,0,0,0,0,0,0,0,0,0
Categorical neural network at meter level,https://www.kaggle.com/simha1214/categorical-neural-network-at-meter-level,Python,1.35,False,29225,,0,0,0,1,0,0,0,0,0,0,0,0,0,0,0,0,0,0,0,0,0,0,0
Starter: ASHRAE leak data 27a426e9-c,https://www.kaggle.com/kerneler/starter-ashrae-leak-data-27a426e9-c,Python,,False,17,,0,0,0,0,0,0,0,0,0,0,0,0,0,0,0,0,0,0,0,0,0,0,0
ASHRAE outliers detection with Isolation Forest,https://www.kaggle.com/josecarmona/ashrae-outliers-detection-with-isolation-forest,Python,,False,4519,,0,0,0,0,0,0,0,0,0,0,0,0,0,0,0,0,0,0,0,0,0,0,0
My very first EDA for ASHRAE,https://www.kaggle.com/josecarmona/my-very-first-eda-for-ashrae,Python,,False,93,,0,0,0,0,0,0,0,0,0,0,0,0,0,0,0,0,0,0,0,0,0,0,0
Starter: ASHRAE Submissions 1 2f002f7b-4,https://www.kaggle.com/kerneler/starter-ashrae-submissions-1-2f002f7b-4,Python,,False,13,,0,0,0,0,0,0,0,0,0,0,0,0,0,0,0,0,0,0,0,0,0,0,0
ASHRAE - LightGBM with K-fold CV,https://www.kaggle.com/kaarelk/ashrae-lightgbm-with-k-fold-cv,Python,,False,3926,,0,0,0,0,0,0,0,0,0,0,0,0,0,0,0,0,0,0,0,0,0,0,0
Starter: ASHRAE public LB da9c3b1c-8,https://www.kaggle.com/kerneler/starter-ashrae-public-lb-da9c3b1c-8,Python,,False,11,,0,0,0,0,0,0,0,0,0,0,0,0,0,0,0,0,0,0,0,0,0,0,0
Starter: ASHRAE - FINAL SUBMISSION f411a5ba-f,https://www.kaggle.com/kerneler/starter-ashrae-final-submission-f411a5ba-f,Python,,False,14,,0,0,0,0,0,0,0,0,0,0,0,0,0,0,0,0,0,0,0,0,0,0,0
Starter: ashrae-data-minification 816f880c-3,https://www.kaggle.com/kerneler/starter-ashrae-data-minification-816f880c-3,Python,,False,169,,0,0,0,0,0,0,0,0,0,0,0,0,0,0,0,0,0,0,0,0,0,0,0
ASHRAE - Linear Regression with Interpolated NA's,https://www.kaggle.com/apjansing/ashrae-linear-regression-with-interpolated-na-s,Python,,False,50,,0,0,0,0,0,0,0,0,0,0,0,0,0,0,0,0,0,0,0,0,0,0,0
kernel3377148266,https://www.kaggle.com/madisj/kernel3377148266,Python,1.193,True,10180,,0,0,0,0,0,0,0,0,0,0,0,0,0,0,0,0,0,0,0,0,0,0,0
kaggle-trend-word-2019,https://www.kaggle.com/sishihara/kaggle-trend-word-2019,Python,,False,21,bronze,1,0,0,5,0,0,0,0,0,0,0,0,0,0,0,0,0,0,0,0,0,0,0
Simple EDA ,https://www.kaggle.com/dcaichara/simple-eda,Python,1.847,False,170,,0,0,0,3,0,0,0,0,0,0,0,0,0,0,0,0,0,0,0,0,0,0,0
ASHARE_EDA,https://www.kaggle.com/shuyam/ashare-eda,Python,,False,156,,2,0,0,2,0,0,0,0,0,0,0,0,0,0,0,0,0,0,0,0,0,0,0
Starter: Ashrae Data Non Leakage 59b55802-b,https://www.kaggle.com/kerneler/starter-ashrae-data-non-leakage-59b55802-b,Python,,False,17,,0,0,0,0,0,0,0,0,0,0,0,0,0,0,0,0,0,0,0,0,0,0,0
ASHRAE - LightGBM with K-fold cross-validation,https://www.kaggle.com/kaarelk/ashrae-lightgbm-with-k-fold-cross-validation,Python,,False,3692,,0,0,0,0,0,0,0,0,0,0,0,0,0,0,0,0,0,0,0,0,0,0,0
Ashrae-energy-prediction,https://www.kaggle.com/fallen123/ashrae-energy-prediction,Python,,True,2888,,0,0,0,2,0,0,0,0,0,0,0,0,0,0,0,0,0,0,0,0,0,0,0
LightGBM_Ashrae,https://www.kaggle.com/rutvi167894566/lightgbm-ashrae,Python,,False,1352,,0,0,0,2,0,0,0,0,0,0,0,0,0,0,0,0,0,0,0,0,0,0,0
Starter: ASHRAE Train Data FE v1 d7cc25cc-8,https://www.kaggle.com/kerneler/starter-ashrae-train-data-fe-v1-d7cc25cc-8,Python,,False,37,,0,0,0,0,0,0,0,0,0,0,0,0,0,0,0,0,0,0,0,0,0,0,0
ASHRAE_Exploratory_data_analysis,https://www.kaggle.com/arizonapampa/ashrae-exploratory-data-analysis,Python,,False,119,,0,0,0,0,0,0,0,0,0,0,0,0,0,0,0,0,0,0,0,0,0,0,0
ASHRAE_exploration,https://www.kaggle.com/salazar12/ashrae-exploration,Python,,False,872,,0,0,0,0,0,0,0,0,0,0,0,0,0,0,0,0,0,0,0,0,0,0,0
Ashrae_modeling,https://www.kaggle.com/pierrematthieupair/ashrae-modeling,Python,2.412,False,2675,,0,0,0,0,0,0,0,0,0,0,0,0,0,0,0,0,0,0,0,0,0,0,0
Ashrae_Keras,https://www.kaggle.com/pierrematthieupair/ashrae-keras,Python,,False,1135,,0,0,0,0,0,0,0,0,0,0,0,0,0,0,0,0,0,0,0,0,0,0,0
Ashrae_preprocessing_train,https://www.kaggle.com/pierrematthieupair/ashrae-preprocessing-train,Python,3.54,False,438,,0,0,0,0,0,0,0,0,0,0,0,0,0,0,0,0,0,0,0,0,0,0,0
"Feature Engineering,LGB",https://www.kaggle.com/amitkishore/feature-engineering-lgb,Python,1.13,False,7260,,0,0,0,2,0,0,0,0,0,0,0,0,0,0,0,0,0,0,0,0,0,0,0
CDSO Exploration,https://www.kaggle.com/thoffma/cdso-exploration,Python,,False,71,,0,0,0,2,0,0,0,0,0,0,0,0,0,0,0,0,0,0,0,0,0,0,0
ASHRAE_ EDA,https://www.kaggle.com/zen1204/ashrae-eda,Python,,False,92,,0,0,0,0,0,0,0,0,0,0,0,0,0,0,0,0,0,0,0,0,0,0,0
Starter: ASHRAE_Ensembling_1 7f6de1f5-4,https://www.kaggle.com/kerneler/starter-ashrae-ensembling-1-7f6de1f5-4,Python,,False,18,,0,0,0,0,0,0,0,0,0,0,0,0,0,0,0,0,0,0,0,0,0,0,0
Starter: ashrae_2019_merged_feather a63ebaa4-3,https://www.kaggle.com/kerneler/starter-ashrae-2019-merged-feather-a63ebaa4-3,Python,,False,43,,0,0,0,0,0,0,0,0,0,0,0,0,0,0,0,0,0,0,0,0,0,0,0
Starter: ASHRAEpkl 47552ba1-9,https://www.kaggle.com/kerneler/starter-ashraepkl-47552ba1-9,Python,,False,53,,0,0,0,0,0,0,0,0,0,0,0,0,0,0,0,0,0,0,0,0,0,0,0
Starter: ASHRAE_3 0bfafeae-e,https://www.kaggle.com/kerneler/starter-ashrae-3-0bfafeae-e,Python,,False,11,,0,0,0,0,0,0,0,0,0,0,0,0,0,0,0,0,0,0,0,0,0,0,0
Predictenergy_LM_PP_2019_11_27,https://www.kaggle.com/angrynerd/predictenergy-lm-pp-2019-11-27,Python,,False,124,,0,0,0,1,0,0,0,0,0,0,0,0,0,0,0,0,0,0,0,0,0,0,0
AshraeEnergy-Non Parametric-Prediction,https://www.kaggle.com/anjeetkumar/ashraeenergy-non-parametric-prediction,Python,,True,2010,,0,0,0,0,0,0,0,0,0,0,0,0,0,0,0,0,0,0,0,0,0,0,0
Simple LightGBM LB 1.18,https://www.kaggle.com/yixinchen1/simple-lightgbm-lb-1-18,Python,1.18,False,4669,,0,0,0,1,0,0,0,0,0,0,0,0,0,0,0,0,0,0,0,0,0,0,0
sneaky_weasels,https://www.kaggle.com/kadriligi/sneaky-weasels,Python,,False,863,,0,0,0,0,0,0,0,0,0,0,0,0,0,0,0,0,0,0,0,0,0,0,0
Basic Exploratory Data Analysis,https://www.kaggle.com/basma1saad/basic-exploratory-data-analysis,Python,,False,275,,0,0,0,1,0,0,0,0,0,0,0,0,0,0,0,0,0,0,0,0,0,0,0
UniTartu_ML_submit,https://www.kaggle.com/navidbamdadroshan/unitartu-ml-submit,Python,1.124,False,9768,,0,0,0,0,0,0,0,0,0,0,0,0,0,0,0,0,0,0,0,0,0,0,0
EDA : meter_reading for site 6-10,https://www.kaggle.com/arnabbiswas1/eda-meter-reading-for-site-6-10,Python,,False,507,,0,0,0,1,0,0,0,0,0,0,0,0,0,0,0,0,0,0,0,0,0,0,0
EDA : meter_reading for sites 11-15 ,https://www.kaggle.com/arnabbiswas1/eda-meter-reading-for-sites-11-15,Python,,False,720,,0,0,0,1,0,0,0,0,0,0,0,0,0,0,0,0,0,0,0,0,0,0,0
ASHARE Adversarial Validation/ModelMissing values ,https://www.kaggle.com/alexishchenko/ashare-adversarial-validation-modelmissing-values,Python,,False,2317,,0,0,0,1,0,0,0,0,0,0,0,0,0,0,0,0,0,0,0,0,0,0,0
Pandas Profiling & Missing Value Imputation,https://www.kaggle.com/ishaan45/pandas-profiling-missing-value-imputation,Python,,False,247,,0,0,0,1,0,0,0,0,0,0,0,0,0,0,0,0,0,0,0,0,0,0,0
Even faster stratified cross-validation,https://www.kaggle.com/snovik1975/even-faster-stratified-cross-validation,Python,,False,218,,0,0,0,1,0,0,0,0,0,0,0,0,0,0,0,0,0,0,0,0,0,0,0
Deep dive EDA,https://www.kaggle.com/ilyamich/deep-dive-eda,Python,,False,15,,0,0,0,1,0,0,0,0,0,0,0,0,0,0,0,0,0,0,0,0,0,0,0
Exploratory data analysis and baseline (lgbm),https://www.kaggle.com/ragnar123/exploratory-data-analysis-and-baseline-lgbm,Python,,False,759,,0,0,0,1,0,0,0,0,0,0,0,0,0,0,0,0,0,0,0,0,0,0,0
Ashraee  ,https://www.kaggle.com/gauri0103/ashraee,Python,1.4100000000000001,False,8811,,0,0,0,0,0,0,0,0,0,0,0,0,0,0,0,0,0,0,0,0,0,0,0
ML2019,https://www.kaggle.com/kaneki1998/ml2019,Python,,False,13,,0,0,0,1,0,0,0,0,0,0,0,0,0,0,0,0,0,0,0,0,0,0,0
Modified Stacked Regression,https://www.kaggle.com/dallal/modified-stacked-regression,Python,,False,17,,0,0,0,0,0,0,0,0,0,0,0,0,0,0,0,0,0,0,0,0,0,0,0
kernel4e51c0227f,https://www.kaggle.com/clementut/kernel4e51c0227f,Python,1.163,False,5655,,0,0,0,1,0,0,0,0,0,0,0,0,0,0,0,0,0,0,0,0,0,0,0
Basic EDA,https://www.kaggle.com/ethanstykes/basic-eda,Python,,False,54,,0,0,0,1,0,0,0,0,0,0,0,0,0,0,0,0,0,0,0,0,0,0,0
Elegant Benchmark,https://www.kaggle.com/uberkinder/elegant-benchmark,Python,1.44,False,297,,0,0,0,1,0,0,0,0,0,0,0,0,0,0,0,0,0,0,0,0,0,0,0
Linear Regression Baseline for starting,https://www.kaggle.com/rachitt96/linear-regression-baseline-for-starting,Python,,False,432,,0,0,0,1,0,0,0,0,0,0,0,0,0,0,0,0,0,0,0,0,0,0,0
Baseline Time-Series Predictions,https://www.kaggle.com/sklasfeld/baseline-time-series-predictions,Python,,False,3385,,0,0,0,0,0,0,0,0,0,0,0,0,0,0,0,0,0,0,0,0,0,0,0
Feature Engineering: Load Profile (No ML),https://www.kaggle.com/wittmannf/feature-engineering-load-profile-no-ml,Python,1.43,False,734,,0,0,0,0,0,0,0,0,0,0,0,0,0,0,0,0,0,0,0,0,0,0,0
EDA & MODELING,https://www.kaggle.com/martinyonathann/eda-modeling,Python,,True,1912,,0,0,0,0,0,0,0,0,0,0,0,0,0,0,0,0,0,0,0,0,0,0,0
New Agenda more that 1.5,https://www.kaggle.com/sbrar0804/new-agenda-more-that-1-5,R,,False,4486,,0,0,0,0,0,0,0,0,0,0,0,0,0,0,0,0,0,0,0,0,0,0,0
ashrae-feather,https://www.kaggle.com/amanacden/ashrae-feather,Python,,False,100,,0,0,0,0,0,0,0,0,0,0,0,0,0,0,0,0,0,0,0,0,0,0,0
no_weather_data,https://www.kaggle.com/kadriligi/no-weather-data,Python,1.9060000000000001,False,2377,,0,0,0,0,0,0,0,0,0,0,0,0,0,0,0,0,0,0,0,0,0,0,0
Loading Data & Simple EDA ,https://www.kaggle.com/moonlight314/loading-data-simple-eda,Python,,False,180,,0,0,0,0,0,0,0,0,0,0,0,0,0,0,0,0,0,0,0,0,0,0,0
Great Energy Prediction,https://www.kaggle.com/orion99/great-energy-prediction,Python,,False,1543,,0,0,0,0,0,0,0,0,0,0,0,0,0,0,0,0,0,0,0,0,0,0,0
kernel3a07a26d18,https://www.kaggle.com/ftahirov/kernel3a07a26d18,Python,,False,1261,,0,0,0,0,0,0,0,0,0,0,0,0,0,0,0,0,0,0,0,0,0,0,0
Baseline Code ,https://www.kaggle.com/afrahsiddiqi/baseline-code,Python,,False,227,,0,0,0,0,0,0,0,0,0,0,0,0,0,0,0,0,0,0,0,0,0,0,0
NEW UCF Starter Kernel,https://www.kaggle.com/mold52/new-ucf-starter-kernel,Python,,False,4827,,0,0,0,0,0,0,0,0,0,0,0,0,0,0,0,0,0,0,0,0,0,0,0
My baseline,https://www.kaggle.com/villemtn/my-baseline,Python,,False,18924,,0,0,0,0,0,0,0,0,0,0,0,0,0,0,0,0,0,0,0,0,0,0,0
KFold LGBM for each site,https://www.kaggle.com/taidopurason/kfold-lgbm-for-each-site,Python,,False,3414,,0,0,0,0,0,0,0,0,0,0,0,0,0,0,0,0,0,0,0,0,0,0,0
RandomForest DYST,https://www.kaggle.com/stanislavdev/randomforest-dyst,Python,,False,6856,,0,0,0,0,0,0,0,0,0,0,0,0,0,0,0,0,0,0,0,0,0,0,0
kaggle competition DYTS ,https://www.kaggle.com/tanyashtym/kaggle-competition-dyts,Python,,False,10040,,0,0,0,0,0,0,0,0,0,0,0,0,0,0,0,0,0,0,0,0,0,0,0
data_analysis_feature_engineering,https://www.kaggle.com/olivermkr/data-analysis-feature-engineering,Python,,False,293,,0,0,0,0,0,0,0,0,0,0,0,0,0,0,0,0,0,0,0,0,0,0,0
TiimTiim Final,https://www.kaggle.com/kaiusloos/tiimtiim-final,Python,,False,13898,,0,0,0,0,0,0,0,0,0,0,0,0,0,0,0,0,0,0,0,0,0,0,0
ASHRAE - EDA,https://www.kaggle.com/trehansalil1/ashrae-eda,Python,,False,721,,0,0,0,0,0,0,0,0,0,0,0,0,0,0,0,0,0,0,0,0,0,0,0
Data Science for tabular data: Advanced Techniques,https://www.kaggle.com/vasanthraja/data-science-for-tabular-data-advanced-techniques,Python,,False,13,,0,0,0,1,0,0,0,0,0,0,0,0,0,0,0,0,0,0,0,0,0,0,0
Energy Consumption,https://www.kaggle.com/shukla84manish/energy-consumption,Python,1.18,False,1312,,0,0,0,0,0,0,0,0,0,0,0,0,0,0,0,0,0,0,0,0,0,0,0
[chunk] To handle Very Lerge Data,https://www.kaggle.com/kaerunantoka/chunk-to-handle-very-lerge-data,Python,,False,327,,0,0,0,0,0,0,0,0,0,0,0,0,0,0,0,0,0,0,0,0,0,0,0
My kernel,https://www.kaggle.com/amangeldysh/my-kernel,Python,,False,6610,,0,0,0,0,0,0,0,0,0,0,0,0,0,0,0,0,0,0,0,0,0,0,0
Kullipojad submission,https://www.kaggle.com/screaminglordbyron/kullipojad-submission,Python,,False,18,,0,0,0,0,0,0,0,0,0,0,0,0,0,0,0,0,0,0,0,0,0,0,0
How low can we go,https://www.kaggle.com/teeyee314/how-low-can-we-go,Python,2.13,False,1285,,0,0,0,0,0,0,0,0,0,0,0,0,0,0,0,0,0,0,0,0,0,0,0
Main EDA and relationships between variables,https://www.kaggle.com/robertobianco/main-eda-and-relationships-between-variables,Python,,False,50,,0,0,0,0,0,0,0,0,0,0,0,0,0,0,0,0,0,0,0,0,0,0,0
fastai v2 Starter Code,https://www.kaggle.com/dhakshiin1601/fastai-v2-starter-code,Python,,True,117,,1,0,0,0,0,0,0,0,0,0,0,0,0,0,0,0,0,0,0,0,0,0,0
Beginner Kernel,https://www.kaggle.com/dufault77/beginner-kernel,Python,,False,18,,0,0,0,0,0,0,0,0,0,0,0,0,0,0,0,0,0,0,0,0,0,0,0
Ashare Light GBM,https://www.kaggle.com/srbestha/ashare-light-gbm,Python,1.29,False,8048,,0,0,0,0,0,0,0,0,0,0,0,0,0,0,0,0,0,0,0,0,0,0,0
kernel3a89971bf9,https://www.kaggle.com/matsushin/kernel3a89971bf9,Python,,False,397,,0,0,0,0,0,0,0,0,0,0,0,0,0,0,0,0,0,0,0,0,0,0,0
building_metadata [primary_use] to one_hot_vector,https://www.kaggle.com/alexzy/building-metadata-primary-use-to-one-hot-vector,Python,,False,14,,0,0,0,0,0,0,0,0,0,0,0,0,0,0,0,0,0,0,0,0,0,0,0
prediction,https://www.kaggle.com/patelatharva/prediction,Python,1.15,False,11826,,0,0,0,0,0,0,0,0,0,0,0,0,0,0,0,0,0,0,0,0,0,0,0
training,https://www.kaggle.com/patelatharva/training,Python,,False,6921,,0,0,0,0,0,0,0,0,0,0,0,0,0,0,0,0,0,0,0,0,0,0,0
ASHARE comp,https://www.kaggle.com/shahules/ashare-comp,Python,,False,46,,0,0,0,0,0,0,0,0,0,0,0,0,0,0,0,0,0,0,0,0,0,0,0
lgbm_simple,https://www.kaggle.com/abhinc/lgbm-simple,Python,,False,88,,0,0,0,0,0,0,0,0,0,0,0,0,0,0,0,0,0,0,0,0,0,0,0
Competitions are Rock'n' Roll,https://www.kaggle.com/mannuyaar/competitions-are-rock-n-roll,Python,,False,23,,1,0,0,0,0,0,0,0,0,0,0,0,0,0,0,0,0,0,0,0,0,0,0
